﻿{"cameraMode":{"drawMode":0,"name":"Shaded","section":"Shading Mode"},"sceneLighting":true,"audioPlay":false,"sceneViewState":{"showFog":true,"showMaterialUpdate":false,"showSkybox":true,"showFlares":true,"showImageEffects":true,"showParticleSystems":true},"in2DMode":false,"pivot":{"x":2.337301731109619,"y":-2.848008632659912,"z":-10.570940017700196},"rotation":{"x":0.317965567111969,"y":-0.02674601599574089,"z":0.008927443996071816,"w":0.9477399587631226},"size":9.824652671813965,"orthographic":false}